LIBROS CASA ZARAGOZA. FAMILIA GÓMEZ SANZ.;;;;;;;;;;;;;;;;;
;;;;;;;;;;;;;;;;;
Num;Título original;Autor;Año;Tema;Ubicación;Editor;ISBN;Páginas;A partir de…;Obsevaciones;Fecha Adquisición;;;;;;
1;Eloísa está debajo de un almendro;Jardiel Poncela, Enrique;2002;Teatro, Guías de estudio y repaso;Raúl Hab - Mid. Stant ;Vicens Vives;9788431633684, 9788431633684;137;14 años n;;;;;;;;
2;Luces de Bohemia;Valle-Inclan, Ramon del;1924;Teatro, Clásicos;David Hab - Cama 1;Espasa Calpe;;144;;;;;;;;;
3;El nacionalismo negro en Estado Unidos;Hessel,Stéphane /Sampedro, Jose Luis;2011;Sociedad y ciencias sociales, Sociología;Raúl Hab - Pc. Stant ;Destino;8423344711, 9788423344710;64;;;;;;;;;
4;Mystery Train;Marcus,Greil;2013;Sociedad y ciencias sociales, Sociedad y cultura, Música;Raúl Hab - Pc. Stant ;Contra;8494093851, 9788494093852;544;;;;;;;;;
5;Tao Te Ching;Lao Tse;2011;Sociedad y ciencias sociales, Filosofía, Religión;Raúl Hab - Pc. Stant ;Alianza Editorial;8420643424, 9788420643427;176;;;;;;;;;
6;Desobediencia civil y otros escritos;Thoreau, Henry D.;2012;Política;Raúl Hab - Pc. Stant ;Alianza Editorial;8420665819, 9788420665818;192;;;;;;;;;
7;El médico;Gordon, Noah;2008;Novela, Ficción histórica;Comedor - Mid 2;Rocabolsillo;8496940004, 9788496940000;800;;;;;;;;;
8;Laberinto;Collins,Larry;1989;Novela, Detectives;Raúl Hab - Pc. Stant ;Plaza & Janés;8401322987, 9788401322983;412;;;;;;;;;
9;Una leyenda celta;Osborne-Mcknigh,Juliene;2001;Mitología;Raúl Hab - Pc. Stant ;Debolsillo;8484505510, 9788484505518;368;;;;;;;;;
10;El alquimista;Coelho,Paulo;1988;Literatura y ficción, Filosofía;Raúl Hab - Pc. Stant ;Planeta;8423964485, 9788423964482;269;;;;;;;;;
11;El cuarto de atrás;Martín Gaite, Carmen;2012;Literatura y ficción, Ficción contemporánea;Raúl Hab - Pc. Stant ;Siruela;8498412633, 9788498412635;184;;;;;;;;;
12;El diario de Ana Frank;Frank,Anne;1986;Literatura y ficción, Historia del siglo xx y xxi;Raúl Hab - Pc. Stant ;Debolsillo;8497593065, 9788497593069;384;;;;;;;;;
13;Leyendas y rimas;Adolfo Bécquer, Gustavo;2002;Literatura y ficción, Poesía;David Hab - Cama 1;Vicens Vives;8431664452, 9788431664459;256;15 años;;;;;;;;
14;Rebelion en la granja;Orwell,George;1945;Literatura y ficción, Clásicos;David Hab - Cama 1;Destino;8423335046, 9788423335046;187;;;;;;;;;
15;Sin noticias de Gurb;Mendoza,Eduardo;1993;Literatura y ficción, Humor;Raúl Hab - Pc. Stant ;Seix Barral;9788432206405, 9788432206405;140;;;;;;;;;
16;El caballero Corazón de Melón;Johnson,Spencer;1998;Juvenil;David Hab - Cama 2;Círculo de lectores;9788422678427, 9788422678427;124;12 años;;;;;;;;
17;Aguijon del diablo;Alcántara,Ricardo;1991;Juvenil;Raúl Hab - Mid. Stant ;Alfaguara;8420447145, 9788420447148;152;12 años;;;;;;;;
18;Alfagann es Flanagan;Martín,Andreu/Martín, Jaume;1996;Juvenil;David Hab - Cama 2;Anaya;8466784721, 9788466784726;208;14 años;;;;;;;;
19;Apareció en mi ventana;Gómez Cerdá, Alfredo;1989;Juvenil, Familia;Raúl Hab - Mid. Stant ;SM ;8434830981, 9788434830981;120;09 años;;;;;;;;
20;"Asesinato en el ""Canadian Express""";Wilson, Eric;1982;Juvenil, Crimen y suspense;Raúl Hab - Mid. Stant ;SM;8434811219, 9788434811218;160;09 años;;;;;;;;
21;Asmir no quiere pistolas;Mattingley, Christobel;1993;Juvenil;Raúl Hab - Mid. Stant ;Alfaguara;8420448915;129;10 años;;;;;;;;
22;La Aventura volante de Hodia;Kirkegaard, Ole Lund;1994;Juvenil, Ciencia;Raúl Hab - Mid. Stant ;Alfaguara;8420448176, 9788420448176;104;08 años;;;;;;;;
23;Babe, el cerdito valiente;King-Smith, Dick;1996;Juvenil, Cine;David Hab - Puert. Stant.;Círculo de lectores;9788422659426, 9788422659426;137;10 años;;;;;;;;
24;Busco plaza de aprendiz;Noack,Hans-Georg;1993;Juvenil;David Hab - Cama 2;Alfaguara Juvenil;8420446351, 9788420446356;168;10 años;;;;;;;;
25;Campos de fresas;Sierra i Fabra, Jordi;1997;Juvenil;David Hab - Cama 2;Círculo de lectores;9788422688006;180;14 años;;;;;;;;
26;Caralampio Pérez;Muñoz Martín, Juan;1998;Juvenil;Raúl Hab - Mid. Stant ;SM;8495994992, 9788495994998;135;09 años;;;;;;;;
27;Caramelos de menta;Vazquez-Vigo, Carmen;1971;Juvenil;Raúl Hab - Mid. Stant ;SM;8434840774, 9788434840775;136;10 años;;;;;;;;
28;La Cazadora de Indiana Jones;Balzola, Asun;1990;Juvenil;Raúl Hab - Mid. Stant ;SM;8434840413, 9788434840416;110;10 años;;;;;;;;
29;Cipi;Lodi, Mario;2016;Juvenil, Novelas románticas;Raúl Hab - Mid. Stant ;Alfaguara;8491221115, 9788491221111;160;08 años;;;;;;;;
30;Cuando Hitler Robo El Conejo Rosa;Kerr, Judith;1996;Juvenil;Raúl Hab - Mid. Stant ;Alfaguara;8420447919, 9788420447919;272;12 años;;;;;;;;
31;Cueva Del Toloño, La;Zapata Lerga, Pablo;1990;Juvenil, Novelas y ficción literaria;Caja Nº1;Edelvives;8426314732, 9788426314734;160;11 años;;;;;;;;
32;Diablillo;Hohlbein, Heike / Hohlbein, Wolfgang;1999;Juvenil;Raúl Hab - Mid. Stant ;Alfaguara;8420449229, 9788420449227;128;8 años;;;;;;;;
33;El androide. Un chico sin pilas;McEvoy, Seth;1988;Juvenil, Science fiction;Caja Nº1;Plaza Joven;;173;9 años;;;;;;;;
34;El cuento de mi vida I;Christian Andersen, Hans;1987;Juvenil, Clásicos, Biografías ;David Hab - Cama 1;Ediciones de la Torre;8486587158, 9788486587154;126;14 años;;;;;;;;
35;El habitante de la nada;Sennell, Joles;1989;Juvenil;Caja Nº1;SM (Catamarán);;123;09 años;;;;;;;;
36;El largo camino;Ayerra, Ramón;1988;Juvenil;Caja Nº1;Pirene;8477660476;108;11 años;;;;;;;;
37;El mensaje de los pájaros;Manuel Gisbert, Joan;2001;Juvenil, Mitos y leyendas;David Hab - Cama 2;SM;8434881020, 9788434881020;160;12 años;;;;;;;;
38;El misterio de los hijos de Lúa;Casalderrey, Fina;1996;Juvenil;Raúl Hab - Mid. Stant ;SM;8434889250;122;10 años;;;;;;;;
39;El otro barrio;Lindo, Elvira;1998;Juvenil;David Hab - Cama 2;Círculo de lectores;8422673827, 9788422673828;187;14 años;;;;;;;;
40;El pequeño Nicolás;Rene Goscinny, Sempe;1960;Juvenil;Raúl Hab - Mid. Stant ;Alfaguara infantil;8420447862, 9788420447862;144;08 años;;;;;;;;
41;El Príncipe de la Niebla;Zafon Ruiz, Carlos;1993;Juvenil;David Hab - Cama 2;Edebé;0297857401, 9780297857402;221;12 años;;;;;;;;
42;El regreso de Doble-P;Lalana, Fernando;1989;Juvenil, Aventura;Raúl Hab - Mid. Stant ;Punto Juvenil;8426574017, 9788426574015;159;09 años;;;;;;;;
43;El rockero;Sierra i Fabra, Jordi;1994;Juvenil;David Hab - Cama 2;Círculo de lectores;8422670569, 9788422670568;151;12 años;;;;;;;;
44;El secreto del hombre muerto;Manuel Gisbert, Joan;2000;Juvenil, Misterio y detectives;David Hab - Cama 2;Alfaguara Juvenil;8420444642, 9788491221326;160;12 años;;;;;;;;
45;El Secreto del Indio;Reid, Banks;1998;Juvenil, Acción y aventura, Fantasía y magia;Raúl Hab - Mid. Stant ;Everest;842415312X, 9788424153120;168;10 años;;;;;;;;
46;El Sorprendente Ben franklin, el;Lerangis, Peter;1988;Juvenil, Education & school;Raúl Hab - Vent.;Timun Mas;8477221707, 9788477221708;96;;;;;;;;;
47;El último enigma;Manuel Gisbert, Joan;1993;Juvenil;David Hab - Cama 2;Círculo de lectores;842266786X, 9788422667865;188;12 años;;;;;;;;
48;El viaje de Doble-P;Lalana, Fernando;1988;Juvenil, Aventura;Raúl Hab - Mid. Stant ;Punto Juvenil;8426573924;143;09 años;;;;;;;;
49;El Viaje Prodigioso De Farrán Piñol V (América, 1ª. Parte);Saladrigas, Robert;1991;Juvenil;David Hab - Cama 2;Alfaguara Juvenil;9788420447001, 9788420447001;161;12 años;;;;;;;;
50;El Viaje Prodigioso De Ferran Piñol VI (América, 2ª parte);Saladrigas, Robert;1992;Juvenil;David Hab - Cama 2;Alfaguara Juvenil;8420447013, 9788420447018;168;12 años;;;;;;;;
51;Filo entra en acción;Nostlinger, Christine;1981;Juvenil;Raúl Hab - Mid. Stant ;Espasa Juvenil;8423988902, 9788423988907;188;12 años;;;;;;;;
52;Flipper;Anastasio, Dina;1996;Juvenil, Cine;David Hab - Puert. Stant.;Círculo de lectores;9788422662877, 9788422662877;122;10 años;;;;;;;;
53;Flubber y el profesor chiflado;East, Dubowski;1998;Juvenil, Cine;David Hab - Puert. Stant.;Círculo de lectores;842267145X, 9788422671459;127;11 años;;;;;;;;
54;Fray Perico en la guerra.;Muñoz Martín, Juan;1992;Juvenil;Raúl Hab - Mid. Stant ;SM;8434840405, 9788434840409;158;09 años;;;;;;;;
55;Fray Perico, Calcetín y el guerrillero Martín;Muñoz Martín, Juan;1994;Juvenil;Raúl Hab - Mid. Stant ;SM;8434889188;154;10 años;;;;;;;;
56;Harry Potter 6 y El Misterio del Príncipe;Rowling, J.K.;2006;Juvenil, Fantasía y magia;Raúl Hab - Pc. Stant ;Salamandra;8478889906, 9788478889907;608;;;;;;;;;
57;Harry Potter 2 y La Camara Secreta;Rowling, J.K.;2000;Juvenil, Fantasía y magia;Raúl Hab - Pc. Stant ;Círculo de lectores;9788422682219, 9788422682219;345;;;;;;;;;
58;Harry Potter 1 y la Piedra Filosofal;Rowling, J.K.;1999;Juvenil, Fantasía y magia;Raúl Hab - Pc. Stant ;Círculo de lectores;9788422679875, 9788422679875;303;;;;;;;;;
59;Harry Potter 7 y las Reliquias de La Muerte;Rowling, J.K.;2008;Juvenil, Fantasía y magia;Raúl Hab - Pc. Stant ;Salamandra;8498381401, 9788498381405;640;;;;;;;;;
60;Herakles y Euristeo;González-Haba, Manuela;1989;Juvenil;Caja Nº1;Pirene;9788477660538;107;08 años;;;;;;;;
61;Una isla entre las ruinas;Ecke, Wolfgang;1984;Juvenil, Misterios y detectives, Colecciones de cuentos cortos;Raúl Hab - Mid. Stant ;Espasa Juvenil;8423990168, 9788423990160;200;12 años;;;;;;;;
62;Huellas en la nieve;Ponty, Monique;1989;Juvenil;Caja Nº1;Didascalia;8438907148;150;10 años;;;;;;;;
63;Ideas de bombero;Martin, Andreu;1996;Juvenil, Novelas y ficción literaria;Raúl Hab - Mid. Stant ;edebé;8423642461, 9788423642465;180;10 años;;;;;;;;
64;Isla del tesoro, la;Louis Stevenson, Robert;1996;Juvenil, Adventure, Clásicos;David Hab - Cama 1;Alfaguara;8420457299, 9788430511204;96;10 años;;;;;;;;
65;Jack;Nadler, Beth;1997;Juvenil, Cine;David Hab - Puert. Stant.;Círculo de lectores;9788422664246, 9788422664246;109;10 años;;;;;;;;
66;Jamalají jamalajá;Sierra i Fabra, Jordi;1995;Juvenil;David Hab - Cama 2;Círculo de lectores;8422669951, 9788422669951;164;12 años;;;;;;;;
67;James y el melocoton gigante;Dahl, Roald;1961;Juvenil;Raúl Hab - Mid. Stant ;Círculo de lectores;8422653281, 9788422653288;159;8 años;;;;;;;;
68;Juan chorlito y el indio invisible;Janosch ;1986;Juvenil, Infantil;Caja Nº1;SM;8434816210, 9788434816213;96;7 años;;;;;;;;
69;Klaus, el comprador de alegrias, y otros cuentos;Sennell, Joles;1990;Juvenil, Novelas y ficción literaria;Caja Nº1;SM;8434853183, 9788434853188;126;09 años;;;;;;;;
70;Ébano;Balestrini, Sergio;1987;Juvenil;;Pirene;8477660484;122;11 años;;;;;;;;
71;Konrad o el niño que salio de una lata de conservas;Nostlinger, Christine;1989;Juvenil, Novelas y ficción literaria;Raúl Hab - Mid. Stant ;Alfaguara;8420447811, 9788420435183;148;12 años;;;;;;;;
72;La aventura de Saíd;Lorman, Josep;1996;Juvenil;David Hab - Cama 2;Círculo de lectores;8422687992, 9788422687993;168;12 años;;;;;;;;
73;La leyenda del Rey Errante;Gallego García, Laura;2002;Juvenil;Raúl Hab - Mid. Stant ;SM;8434888181;214;12 años;;;;;;;;
74;La mansión de los abismos;Manuel Gisbert, Joan;2004;Juvenil, Novelas y ficción literaria;David Hab - Cama 2;Nautilius;8496336336, 9788496336339;272;14 años;;;;;;;;
75;La mirada oscura;Manuel Gisbert, Joan;1997;Juvenil, Cuentos de hadas y folclore, Misterio y detectives;David Hab - Cama 2;Anaya;8420777684, 9788420777689;120;12 años;;;;;;;;
76;La nariz de Moritz;Lobe, Mira;1984;Juvenil, Autoestima y amor propio;Raúl Hab - Mid. Stant ;SM;8434813378, 9788434813373;176;09 años;;;;;;;;
77;Las Aventuras de los Detectives Del Faro;Bliesener, Klaus;1984;Juvenil;Caja Nº1;Espasa Calpe;8439508255, 9788439508250;0;;;;;;;;;
78;Las aventuras de Vania el forzudo;Preussler, Otfried;2005;Juvenil;Raúl Hab - Mid. Stant ;SM;843480820X, 9788434808201;192;09 años;;;;;;;;
79;Las Luces De Septiembre;Zafon Ruiz, Carlos;1995;Juvenil;David Hab - Cama 2;Edebé;8467230487, 9788467230482;238;12 años;;;;;;;;
80;Leyendas del planeta Thámyris;Manuel Gisbert, Joan;1982;Juvenil, Novelas y ficción literaria;David Hab - Cama 2;Espasa Juvenil;8423988732, 9788423988730;152;12 años;;;;;;;;
81;Los cinco frente a la aventura;Blyton, Enid;1950;Juvenil, Detectives;Caja Nº1;Editorial Juventud;8447320206x;176;09 años;;;;;;;;
82;Los mayores estan locos, locos, locos, …;Sierra i Fabra, Jordi;1998;Juvenil;David Hab - Cama 2;Círculo de lectores;8422670550, 9788422670551;151;12 años;;;;;;;;
83;Lucas comino, mago o jefe indio;Janosch;1971;Juvenil;Caja Nº1;Pnaneta;8432061549, 9788432061547;91;12 años;;;;;;;;
84;Manolito Gafotas;Lindo, Elvira;1994;Juvenil;Caja Nº1 (repetido);Alfaguara;8420457264, 9788420457260;112;09 años;;;;;;;;
85;Manolito Gafotas;Lindo, Elvira;1994;Juvenil;Raúl Hab - Mid. Stant ;Círculo de lectores;822657104, 9788420457260;112;09 años;;;;;;;;
86;Manolito Gafotas - ¡Cómo molo!: (otra de Manolito Gafotas);Lindo, Elvira;1996;Juvenil;Raúl Hab - Mid. Stant ;Círculo de lectores;84204448x;139;09 años;;;;;;;;
87;Manolito Gafotas - Los trapos sucios;Lindo, Elvira;1997;Juvenil;Raúl Hab - Mid. Stant ;Círculo de lectores;8420441856, 9788420441856;152;09 años;;;;;;;;
88;Manolito Gafotas -  ¡Cómo molo!;Lindo, Elvira;1996;Juvenil;Caja Nº1 (repetido);Alfaguara;8422664666, 9788422664666;0;09 años;;;;;;;;
89;Manolito Gafotas - Los trapos sucios;Lindo, Elvira;1997;Juvenil;Caja Nº1 (repetido);Alfaguara;8420441856, 9788420441856;152;09 años;;;;;;;;
90;Manolito Gafotas - Manolito on the road;Lindo, Elvira;1998;Juvenil;Raúl Hab - Mid. Stant ;Círculo de lectores;8422677091, 9788422677093;148;09 años;;;;;;;;
91;Manolito Gafotas - Yo y el imbécil;Lindo, Elvira;1999;Juvenil;Raúl Hab - Mid. Stant ;Círculo de lectores;842268327X, 9788422683278;216;09 años;;;;;;;;
92;Marina;Zafon Ruiz, Carlos;1999;Juvenil;David Hab - Cama 2;Nomadas;8408004344, 9788408004349;238;12 años;;;;;;;;
93;¿Quién se ha llevado mi queso?: cómo adaptarse a un mundo en constante cambio;Sutcliff, Rosemary;2009;Juvenil, Folclore y mitología;Raúl Hab - Mid. Stant ;Vicens Vives;8431642912, 9788431642914;176;12 años;;;;;;;;
94;No has muerto stalingrado ;Delstanches, C. / Vierset, H.;1992;Juvenil;David Hab - Cama 2;Edebé;8423639894, 9788423639892;189;14 años;;;;;;;;
95;Noticias frescas;Sierra i Fabra, Jordi;1994;Juvenil;David Hab - Cama 2;SM;8434842637, 9788434842632;128;12 años;;;;;;;;
96;Okupada;Santos, Care;1997;Juvenil;David Hab - Cama 2;Círculo de lectores;9788422688020, 9788422688020;178;14 años;;;;;;;;
97;Pesadilla en Vancúver;Wilson, Eric;2005;Juvenil, Crimen y suspense;Caja Nº1 (repetido);;8434811383, 9788434811386;168;10 años;;;;;;;;
98;Pesadilla en Vancúver;Wilson, Eric;1982;Juvenil, Crimen y suspense;Raúl Hab - Mid. Stant ;SM;8434811383, 9788434811386;168;09 años;;;;;;;;
99;Pesadillas: La repugnante cara del terror;Stine, R.L.;1994;Juvenil, Terror;Raúl Hab - Mid. Stant ;Primera Plana;b53111998;143;10 años;;;;;;;;
100;El Pirata Garrapata;Muñoz Martín, Juan;1993;Juvenil;Raúl Hab - Mid. Stant ;SM;8434840383, 9788434840386;160;09 años;;;;;;;;
101;El precipicio;Terlouw, Jan;1989;Juvenil, Infantil;David Hab - Cama 2;SM;8434820471, 9788434820470;216;12 años;;;;;;;;
102;Prohibido llorar;M.Simmel, Johannes;1977;Juvenil;Caja Nº1;Bruguera. Todolibro;8402103901, 9788402103901;159;10 años;;;;;;;;
103;Prohibido tener catorce años;J.Olmo, R.Santiago;2001;Juvenil;David Hab - Cama 2;Círculo de lectores;842269154X, 9788422691549;174;14 años;;;;;;;;
104;Terror en Winnipeg;Wilson, Eric;1982;Juvenil, Crimen y suspense;Raúl Hab - Mid. Stant ;SM;8434811375, 9788434811379;168;09 años;;;;;;;;
105;Todos los detectives se llaman Flanagan;Martin, Andreu /Ribera, Jaume;1991;Juvenil;David Hab - Cama 2;Anaya;842074157;233;14 años;Repetido.;;;;;;;
106;Tonico y el secreto de estado;Dias De Moraes, A.;1989;Juvenil, Infantil;Raúl Hab - Mid. Stant ;SM;8434808706, 9788434808706;192;09 años;;;;;;;;
107;Toy story;East Dubowski, Cathy;1996;Juvenil, Cine;David Hab - Puert. Stant.;Círculo de lectores;8422660482, 9788422660484;163;8 años;;;;;;;;
108;Tras los muros;Neuschäfe-Carlón, Mercedes;1996;Juvenil;Caja Nº1;Círculo de lectores;8422661837, 9788422661832;152;10 años;;;;;;;;
109;Travesuras de Guillermo;Crompton, Richmal;1973;Juvenil;Caja Nº1 (repetido);RBA Colecciones;8447321576;207;8 años;;;;;;;;
110;Un día en casa;Sierra i Fabra, Jordi;1994;Juvenil;David Hab - Cama 2;Círculo de lectores;8422670577, 9788422670575;151;12 años;;;;;;;;
111;Un fin de semana de los Cinco;Blyton, Enid;1951;Juvenil, Detectives;Caja Nº1;Editorial Juventud;8447320278;160;09 años;;;;;;;;
112;Una boda desmadrada;Sierra i Fabra, Jordi;1998;Juvenil;David Hab - Cama 2;Círculo de lectores;8422670585, 9788422670582;148;12 años;;;;;;;;
113;Pirámides y faraones;Orlev, Uri;1991;Juvenil;David Hab - Cama 2;Alfaguara;8420446823, 9788420446820;176;12 años;;;;;;;;
114;Viaje al Centro de la Tierra;Verne, Julio;1864;Juvenil, Clásicos;Caja Nº1 (repetido);Altaya;8448700007;238;10 años;;;;;;;;
115;Yo soy mayor que mi padre;Sorela, Pedro;2001;Juvenil, Desarrollo y cuestiones personales y sociales;Raúl Hab - Mid. Stant ;SM;8434877821, 9788434877825;176;12 años;;;;;;;;
116;Manolito Gafotas - Yo y el imbecil ;Lindo, Elvira;1999;Juvenil;Caja Nº1 (repetido);Alfaguara;842045804X, 9788420458045;144;09 años;;;;;;;;
117;Adivinanzas;Tirado Zarco, Miguel;1987;Juegos y adivinanzas;Raúl Hab - Vent.;Perea Ediciones;8477290180;127;;;;;;;;;
118;Adivinanzas;*Varios, ;2000;Juegos y adivinanzas;Raúl Hab - Vent.;Vecchi;8431526491;144;;;;;;;;;
119;Inventos;Quevedo Lopez, Rogelio;0;Juegos y adivinanzas;Raúl Hab - Vent.;Perea Ediciones;8477290431;127;;;;;;;;;
120;Los 500 mejores chistes;Rabanal, Dámaso;2000;Juegos y adivinanzas;Raúl Hab - Vent.;Vecchi;8431500743;156;10 años;;;;;;;;
121;American Indian Tales;Scott, Elisabeth;2004;Inglés;Raúl Hab - Mid. Stant ;Richmond;;32;Stage 2;;;;;;;;
122;Bratt farrar;Tey, Josephine;2000;Inglés;Raúl Hab - Mid. Stant ;Oxford University Press;0194230589, 9780194230582;112;Stage 5;;;;;;;;
123;¡Indignaos! (Imago Mundi);Border, Rosemary;2000;Inglés, Guías de estudio y repaso;Raúl Hab - Mid. Stant ;Oxford University Press;019423066X, 9780194230667;112;Stage 5;;;;;;;;
124;Runaway Teacher;Pete, Johnson;2000;Inglés;Raúl Hab - Mid. Stant ;Barrigton Stoke;1842994980, 9781842994986;80;B1;;;;;;;;
125;The Canterville Ghost;Wilde, Oscar;2002;Inglés;Raúl Hab - Mid. Stant ;Oxford University Press;0194229661, 9780194229661;64;Stage 2;;;;;;;;
126;The Wonderful Story of Henry Sugar and Six More;Dahl, Roald;1995;Inglés, Cuentos y relatos;Raúl Hab - Mid. Stant ;Puffin;0141311495, 9780141311494;224;B2;;;;;;;;
127;Cuentos Clásicos;*Varios;1983;Infantil;Raúl Hab - Vent.;Fher;8424321529;92;01 año;;;;;;;;
128;El pequeño Nicolás;Rene Goscinny, Sempe;1960;Juvenil;Caja Nº1 (repetido);Alfaguara infantil;8420440906, 9788420440903;144;08 años;;;;;;;;
129;Juegos para niños;Tirado Zarco, Miguel;0;Infantil, Juegos y adivinanzas;Raúl Hab - Vent.;Perea Ediciones;;144;01 año;;;;;;;;
130;Medinoche;Stow, Randolph;1989;Juvenil;Raúl Hab - Mid. Stant ;SM;8434815982, 9788434815988;137;09 años;;;;;;;;
131;Mi hermana Gabriela;Olaizola, José Luis;2005;Infantil;Caja Nº1;Anaya;8420730653, 9788420730653;120;10 años;;;;;;;;
132;Shola y los jabalíes;Atxaga, Bernardo;1997;Infantil;Caja Nº1;Círculo de lectores;8422669641;75;6 años;;;;;;;;
133;Shola y los leones;Atxaga, Bernardo;1995;Infantil;Caja Nº1;Círculo de lectores;8422668912;75;6 años;;;;;;;;
134;Familia no hay más que una;Gomaespuma;1998;Humor, Ficción contemporánea;Comedor - mid 2;Temas de hoy;8478808949, 9788478808946;192;;;;;;;;;
135;He dicho;Buenafuente, Andreu;2006;Humor, Monólogos;Raúl Hab - Pc. Stant ;Planeta;8408066188, 9788408066187;180;;;;;;;;;
136;Los Perros de la Guerra;Forsyth, Frederick;1974;Fiction;Comedor - Mid 2;Plaza & Janés;8401301440, 9788401301445;457;;;;;;;;;
137;Canción de hielo y fuego 2: Choque de reyes;R.R.Martin, George;1998;Fantasía;Raúl Hab - Pc. Stant ;Gigamesh;8496208648, 9788496208643;976;;;;;;;;;
138;Canción de hielo y fuego 5: Danza de dragones;R.R.Martin, George;2011;Fantasía;Raúl Hab - Pc. Stant ;Gigamesh;8496208958, 9788496208957;1224;;;;;;;;;
139;Canción de hielo y fuego 4: Festín de cuervos;R.R.Martin, George;2005;Fantasía;Raúl Hab - Pc. Stant ;Gigamesh;8496208990, 9788496208995;864;;;;;;;;;
140;El Señor de los Anillos II: Las dos Torres;Tolkien, J.R.R.;1993;Fantasía, Clásicos;Raúl Hab - Pc. Stant ;Minotauro;8445071769, 9788445071762;464;;;;;;;;;
141;Harry Potter 5 y La Orden Del Fenix;Rowling, J.K.;2004;Juvenil, Fantasía y magia;Raúl Hab - Pc. Stant ;Salamandra;8478887423, 9788478887422;896;;;;;;;;;
142;El Señor De Los Anillos III: El retorno del Rey;Tolkien, J.R.R.;1992;Fantasía, Clásicos;Raúl Hab - Pc. Stant ;Minotauro;8445071777, 9788445071779;416;;;;;;;;;
143;World Of Warcraft. Arthas. La Ascensión Del Rey Exánime;Golden, Christie;2013;Fantasía;Raúl Hab - Pc. Stant ;Panini Comics;849885394X, 9788498853940;344;;;;;;;;;
144;Historias policiacas divertidas;Draper, Theodore;1969;Ensayo, historia s.xx;Raúl Hab - Pc. Stant ;Alianza Editorial;;212;;;;;;;;;
145;Didáctica de las Ciencias Sociales para Educación Infantil (Psicopedagogía);Rivero Gracia, MªPilar;2011;Educación teoría;Raúl Hab - Pc. Stant ;Mira Editores;8484653714, 9788484653714;229;;;;;;;;;
146;Miguel De Cervantes. (Vidas Ilustres);*Anonimas;1984;Education & school;Raúl Hab - Vent.;Susaeta;8430510966, 9788430510962;98;;;;;;;;;
147;Solo en casa. Pedido en Nueva York.;Vivianes;1983;Juvenil, Cine;David Hab - Puert. Stant.;SM;8434819864;71;10 años;;;;;;;;
148;Aprendizaje Musical Para Niños;Marti, Joan Maria;2016;Educación teoría, Música;Raúl Hab - Pc. Stant ;Redbook;8415256906, 9788415256908;160;;;;;;;;;
149;La ciudad de los niños;Tonucci, Francesco;2004;Educación, Educación teoría;Raúl Hab - Pc. Stant ;Árbol de la memoria;8489384134, 9788489384132;220;;;;;;;;;
150;Castro;Alonso, Santos /Merino, Jose María;2000;Cuentos;Raúl Hab - Mid. Stant ;Castalia Didáctica;8470398741, 9788470398742;328;;;;;;;;;
151;Cuentos que ayudan a los niños;Ortner, Gerlinde;1996;Cuentos;Raúl Hab - Mid. Stant ;Círculo de lectores;9788422660408, 9788422660408;167;4 años;;;;;;;;
152;Batman: Silencio Parte 1;Loeb, Jeph;2016;Cómics;Raúl Hab - Pc. Stant ;Salvat;8447127907, 9788447127900;160;;;;;;;;;
153;Batman: Silencio parte 2;Loeb, Jeph;2016;Cómics;Raúl Hab - Pc. Stant ;Salvat;8447127915, 9788447127917;150;;;;;;;;;
154;Civil War;"Mark Millar; Steve McNiven";2015;Cómics;Raúl Hab - Pc. Stant ;Panini Comics;8498855144, 9788498855142;256;;;;;;;;;
155;El Increíble Hulk, Futuro imperfecto;David Peters, George Pérez;2008;Cómics;Raúl Hab - Pc. Stant ;Panini Comics;8496874443, 9788496874442;104;;;;;;;;;
156;Hulk Banner;Azzarello, Brian;2016;Cómics;Raúl Hab - Pc. Stant ;Panini Comics;8496874249, 9788496874244;0;;;;;;;;;
157;Hulk, El Retorno Del Monstruo;Bruce Jones, John Romita Jr.;2008;Cómics;Raúl Hab - Pc. Stant ;Panini Comics;8496874230, 9788496874237;144;;;;;;;;;
158;Mortadelo y su guía para la vida del joven de hoy en día;Ibáñez, F.;2006;Cómics;Raúl Hab - Pc. Stant ;Círculo de lectores;9788467216493, 9788467216493;0;08 años;;;;;;;;
159;Aventuras de A.Gordon Pym;Poe, Edgar Allan;1838;Clásicos;David Hab - Cama 1;Orbis Fabri;8420565175401;251;;;;;;;;;
160;Cuentos de Canterbury;Chaucer, Geoffrey;1380;Clásicos;David Hab - Cama 1;Orbis Fabri;8420565175401;207;;;;;;;;;
161;El fantasma de Canterville y otros cuentos;Wilde, Oscar;1887;Clásicos, Cuentos;David Hab - Cama 1;Alianza Editorial;8420636274, 9788420636276;176;12 años;;;;;;;;
162;El Principito;De Saint-Exupéry, Antoine;1974;Clásicos, Infantil;Raúl Hab - Vent.;Ultramar Editores;847386820x;94;10 años;;;;;;;;
163;Robinson Crusoe;Defoe, Daniel;1719;Clásicos, Acción y aventura;David Hab - Cama 1;Orbis Fabri;8440224125;218;;;;;;;;;
164;Viajes de Gulliver;Swift, Jonathan;1988;Clásicos;Caja Nº1 (repetido);Alborada;;292;12 años;;;;;;;;
165;Viajes de Gulliver;Swift, Jonathan;1898;Clásicos;Raúl Hab - Mid. Stant ;Nautilius;8496336794, 9788496336797;466;;;;;;;;;
166;¿Sueñan los androides con ovejas eléctricas?;K.Dick, Philip;1968;Ciencia ficción;Raúl Hab - Pc. Stant ;Planeta;;191;;;;;;;;;
167;Guía Del Autoestopista Galáctico;Adams, Douglas;1979;Ciencia ficción;Raúl Hab - Pc. Stant ;Alfaguara;843397310X, 9788433973108;296;;;;;;;;;
168;Saxo y Rosas;Arregui, María;1995;Juvenil;David Hab - Cama 2;Anaya;8420765481;165;14 años;;;;;;;;
169;Los apuros de Guillermo;Crompton, Richmal;1979;Juvenil, Aventuras;Caja Nº1;RBA Colecciones;8447321584;240;10 años;;;;;;;;
170;Pesadillas: La escuela embrujada;Stine, R.L.;1997;Juvenil, Terror;Raúl Hab - Mid. Stant ;Ediciones B;9788440691651;153;10 años;;;;;;;;
171;Pesadillas: Un día en Horrolandia;Stine, R.L.;1994;Juvenil, Terror;Raúl Hab - Mid. Stant ;Primera Plana;8420565201001;143;10 años;;;;;;;;
172;Pesadillas: ¡Llamada a los Bichos Raros!;Stine, R.L.;1998;Juvenil, Terror;Raúl Hab - Mid. Stant ;Ediciones B;9788440685377;133;10 años;;;;;;;;
173;La Isla Misteriosa;Verne, Julio;1874;Juvenil, Ciencia;Caja Nº1;Everest;842415925x;224;;;;;;;;;
175;La Traidora;Pausewang, Gudrun;1995;Juvenil;David Hab - Cama 2;Círculo de lectores;8422690934;234;15 años;;;;;;;;
176;A Foreigner in Britain;Ybarra, Ramón/ Smith, Fiona;2001;Inglés;Raúl Hab - Mid. Stant ;Burlington Books;9789963461731;75;B1;;;;;;;;
177;Colmillo Blanco;London, Jack;1982;Juvenil, Aventuras, Animales;Raúl Hab - Mid. Stant ;SM (La ballena blanca);9788434818507;220;10 años;;;;;;;;
178;Historia de una gaviota y del gato que le enseño a volar;Sepulveda, Luis;1996;Juvenil, Animales;Raúl Hab - Mid. Stant ;Círculo de lectores;8422666081;138;09 años;;;;;;;;
179;Typical Spanish;Arangüena, Ramón;2001;Humor, Curiosidades;Raúl Hab - Pc. Stant ;Temas de hoy;8431484002252;212;;;;;;;;;
180;555 chistes cortísimos;Salmer, J.L;2000;Humor, chistes;Raúl Hab - Vent.;Edicomunicación;8476728786;158;06 años;;;;;;;;
181;Jesús de Nazaret: Historia de Cristo;Papini, Giovanni;2003;Biografías y autobiografías;David Hab - Stant 2;ABC, S.L.;8424499290148, 8424499290148;373;;;;;;;;;
182;Marco Polo;Heers, Jacques;1995;Biografías y autobiografías;David Hab - Stant 2;ABC, S.L.;8424499050247;284;;;;;;;;;
183;Leonardo da Vinci;Racionero, Luis;2004;Biografías y autobiografías;David Hab - Stant 2;ABC, S.L.;8424499150244, 8424499150244;183;;;;;;;;;
184;Nicolás Maquiavelo;Viroli, Maurizio;2002;Biografías y autobiografías;David Hab - Stant 2;ABC, S.L.;8424499190240;252;;;;;;;;;
185;Carlos V;Pérez, Joseph;1999;Biografías y autobiografías;David Hab - Stant 2;ABC, S.L.;8424499220244;222;;;;;;;;;
186;Miguel de Cervantes;Trapiello, Andrés;1993;Biografías y autobiografías;David Hab - Stant 2;ABC, S.L.;8424499260240;284;;;;;;;;;
187;Isaac Newton: una vida;Westfall, Richard S.;1996;Biografías y autobiografías;David Hab - Stant 2;ABC, S.L.;8424499290247;380;;;;;;;;;
188;Wofgang Amadeus Mozart;Gay, Peter;2004;Biografías y autobiografías;David Hab - Stant 2;ABC, S.L.;8424499070344, 8424499070344;188;;;;;;;;;
189;Napoleón Bonaparte;Ellis, Geoffrey;2000;Biografías y autobiografías;David Hab - Stant 2;ABC, S.L.;8424499110347;287;;;;;;;;;
190;Simón Bolívar;Ramos, Demetrio;1988;Biografías y autobiografías;David Hab - Stant 2;ABC, S.L.;8424499140344;215;;;;;;;;;
191;Abraham Lincoln;Montero, Isaac;1991;Biografías y autobiografías;David Hab - Stant 2;ABC, S.L.;8424499180340;223;;;;;;;;;
192;Karl Marx;Korsch, Karl;1975;Biografías y autobiografías;David Hab - Stant 2;ABC, S.L.;8424499210344;278;;;;;;;;;
193;Vincent van Gogh;Leprohon, Pierre;2004;Biografías y autobiografías;David Hab - Stant 2;ABC, S.L.;8424499250340, 8424499250340;444;;;;;;;;;
194;Stalin;Rubel, Maximilien;1975;Biografías y autobiografías;David Hab - Stant 2;ABC, S.L.;8424499280347;216;;;;;;;;;
195;Salvador Dalí;Ades, Dawn;2004;Biografías y autobiografías;David Hab - Stant 2;ABC, S.L.;8424499010449, 8424499010449;252;;;;;;;;;
196;Teresa de Calcuta;Sebba, Anne;1997;Biografías y autobiografías;David Hab - Stant 2;ABC, S.L.;8424499040446;319;;;;;;;;;
197;Pablo Picasso;D`Ors, Eugenio;2001;Biografías y autobiografías;David Hab - Stant 2;ABC, S.L.;8424499140535;126;;;;;;;;;
198;Adolf Hitler;Kershaw, Ian;2003;Biografías y autobiografías;David Hab - Stant 2;ABC, S.L.;8424499210535, 8424499210535;272;;;;;;;;;
199;Vida, Pasion y Muerte de Federico García Lorca. Volumen I;Gibson, Ian;2003;Biografías y autobiografías;David Hab - Stant 2;ABC, S.L.;8424499240532, 8424499240532;316;;;;;;;;;
200;Vida, Pasion y Muerte de Federico García Lorca. Volumen II;Gibson, Ian;1989;Biografías y autobiografías;David Hab - Stant 2;ABC, S.L.;8424499280538;691;;;;;;;;;
201;Lenin;Diéz del Corral, Francisco;1999;Biografías y autobiografías;David Hab - Stant 2;ABC, S.L.;8424499310532;413;;;;;;;;;
202;Vida De Juan Xxiii - El Papa Extramuros;Lubich, Gino;2003;Biografías y autobiografías;David Hab - Stant 2;ABC, S.L.;8424499070634, 8424499070634;220;;;;;;;;;
203;Charles Chaplin. El genio del cine.;Villegas López, Manuel;1998;Biografías y autobiografías;David Hab - Stant 2;ABC, S.L.;8424499140634;409;;;;;;;;;
204;Mao Zedong;Spence, Jonathan;1999;Biografías y autobiografías;David Hab - Stant 2;ABC, S.L.;8424499210634;219;;;;;;;;;
205;Arafat. La Biografía;Kapuscinski, Ryszard;1998;Biografías y autobiografías;David Hab - Stant 2;ABC, S.L.;8000063180444, 8000063180444;311;;;;;;;;;
206;La hija de Burger;Gordimer, Nadine;1979;Biografías y autobiografías;David Hab - Stant 2;ABC, S.L.;8000063090545;411;;;;;;;;;
207;La costa de los Mosquitos;Theroux, Paul;1981;Biografías y autobiografías;David Hab - Stant 2;ABC, S.L.;8000063020542;382;;;;;;;;;
208;Misteriosa Buenos Aires;Mujica Láinez, Manuel;1950;Biografías y autobiografías;David Hab - Stant 2;ABC, S.L.;8441319758;283;;;;;;;;;
209;Arrancad las semillas fusilad a los niños;Oé, Kenzaburo;1973;Biografías y autobiografías;David Hab - Stant 2;ABC, S.L.;8441319731, 9788441319738;254;;;;;;;;;
210;Las Islas Griegas;Durrell, Lawrence;1978;Biografías y autobiografías;David Hab - Stant 2;ABC, S.L.;844131988X, 9788441319882;288;;;;;;;;;
211;Juan Carlos, el rey de un pueblo.;Preston, Paul;2004;Biografías y autobiografías;David Hab - Stant 2;ABC, S.L.;8441320616, 9788441320611;317;;;;;;;;;
212;Adolfo Suárez;Abella Martín, Carlos;1997;Biografías y autobiografías;David Hab - Stant 2;ABC, S.L.;8441320721, 9788441320727;634;;;;;;;;;
213;Naves negras ante Troya;Walker Tony/ Gowers, Andrew;2003;Biografías y autobiografías;David Hab - Stant 2;ABC, S.L.;8441320756, 9788441320758;286;;;;;;;;;
214;Putin;Sakwa, Richard;2004;Biografías y autobiografías;David Hab - Stant 2;ABC, S.L.;8441320810, 9788441320819;352;;;;;;;;;
215;Bill Clinton;Hamilton, Nigel;2003;Biografías y autobiografías;David Hab - Stant 2;ABC, S.L.;8441320845, 9788441320840;286;;;;;;;;;
216;Cuentos;Balfour, Sebastian;1999;Biografías y autobiografías;David Hab - Stant 2;ABC, S.L.;8441320802, 9788441320802;224;;;;;;;;;
217;Lola Flores. El Volcán Y La Brisa;García Garzón, Juan ignacio;2002;Biografías y autobiografías;David Hab - Stant 2;ABC, S.L.;8441320888, 9788441320888;352;;;;;;;;;
218;Luciano Pavarotti. La Voz De Oro Del Siglo XX;Alier, Roger;2005;Biografías y autobiografías;David Hab - Stant 2;ABC, S.L.;8441320918, 9788441320918;218;;;;;;;;;
219;Federico García Lorca;Montes, Dolores;1995;Biografías y autobiografías;David Hab - Stant 2;Rueda;8487507263, 9788487507267;184;;;;;;;;;
220;John Fitzgerald Kennedy;Gasos, Dolores;1995;Biografías y autobiografías;David Hab - Stant 2;Rueda;8487507301, 9788487507304;180;;;;;;;;;
221;Mohandas Karamchand Ghandi;Herranz, Rosa;1995;Biografías y autobiografías;David Hab - Stant 2;Rueda;8487507271, 9788487507274;184;;;;;;;;;
222;En El Blanco;Follett, Ken;2005;Espías;David Hab - Stant 3;Círculo de lectores;8467211849, 9788467211849;448;;;;;;;;;
223;Vuelo final;Follett, Ken;2002;Espías;David Hab - Stant 3;Círculo de lectores;8422699907;474;;;;;;;;;
224;Alto riesgo;Follett, Ken;2001;Espías;David Hab - Stant 3;Círculo de lectores;8422692082, 9788422692089;542;;;;;;;;;
225;El valle de los leones;Follett, Ken;1986;Espías, Negra y suspense, Policíaca;David Hab - Stant 3;Círculo de lectores;8422693917, 9788490329726;472;;;;;;;;;
226;El hombre de San Petersburgo;Follett, Ken;1982;Espias, Acción y aventura, Ficción histórica, Negra y suspense, Policíaca;David Hab - Stant 3;Círculo de lectores;8422693933, 9788490329559;352;;;;;;;;;
227;Triple;Follett, Ken;2003;Espías;David Hab - Stant 3;Círculo de lectores;842269395X, 9788422693956;395;;;;;;;;;
228;Las alas del águila;Follett, Ken;2014;Espías, Negra y suspense, Policíaca;David Hab - Stant 3;Círculo de lectores;8422693925, 9788490329412;608;;;;;;;;;
229;La clave está en Rebeca;Follett, Ken;1980;Espías;David Hab - Stant 3;Círculo de lectores;8422693941, 9788422693949;364;;;;;;;;;
230;Un lugar llamado libertad;Follett, Ken;1995;Espías, Acción y aventura, Ficción histórica;David Hab - Stant 3;Círculo de lectores;8422693909, 9788490329481;400;;;;;;;;;
231;El Tercer gemelo;Follett, Ken;1996;Espías;David Hab - Stant 3;Círculo de lectores;8422693895, 9788422693895;567;;;;;;;;;
232;Un Mundo Sin Fin;Follett, Ken;2007;Ficción histórica;David Hab - Stant 3;Círculo de lectores;8467227788, 9788467227789;1184;;;;;;;;;
233;Los pilares de la tierra;Follett, Ken;1989;Ficción histórica;David Hab - Stant 3;Círculo de lectores;9788422635758, 9788422635758;1053;;;;;;;;;
234;La Caída De Los Gigantes;Follett, Ken;2010;Ficción histórica s.xx;David Hab - Stant 3;Círculo de lectores;8467241063, 9788467241068;1024;;;;;;;;;
235;El Invierno Del Mundo;Follett, Ken;2012;Ficción histórica s.xx, Acción y aventura, Leyendas y sagas;David Hab - Stant 3;Plaza & Janés;840135319X, 9788401353192;960;;;;;;;;;
236;Las Alas del Águila;Follett, Ken;2000;Espías;David Hab - Stant 3;Plaza & Janés;8484503968, 9788484503965;308;Repetido;;;;;;;;
237;La piel del tambor;Perez-Reverte, Arturo;1996;Categorías, Ficción contemporánea;David Hab - Stant 3;Círculo de lectores;8422661640, 9788422661641;480;;;;;;;;;
238;No me cogeréis vivo (2001-2005);Pérez-Reverte, Arturo;2005;Artículos, Teoría literaria y crítica, Periodismo;David Hab - Stant 3;Alfaguara;8420469432, 9788420469430;544;;;;;;;;;
239;Un día de cólera;Pérez-Reverte, Arturo;2007;Ficción histórica, Ficción contemporánea;David Hab - Stant 3;Alfaguara;8420472808, 9788420472805;408;;;;;;;;;
240;Falcó;Pérez-Reverte, Arturo;2016;Policíaca, Acción y aventura, Ficción histórica, Negra y suspense;David Hab - Stant 3;Alfaguara;8420419680, 9788420419688;296;;;;;;;;;
241;Capitan Alatriste I;Pérez-Reverte, Arturo;1996;Ficción histórica, Acción y aventura;David Hab - Stant 3;Círculo de lectores;8422666774, 9788422666776;233;;;;;;;;;
242;Capitán Alatriste II. Limpieza de Sangre.;Pérez-Reverte, Arturo;1997;Ficción histórica, Acción y aventura;David Hab - Stant 3;Círculo de lectores;8422672537, 9788422672531;254;;;;;;;;;
243;Capitán Alatriste III. El sol de Breda;Pérez-Reverte, Arturo;1998;Ficción histórica, Acción y aventura;David Hab - Stant 3;Círculo de lectores;842267923x;254;;;;;;;;;
244;Capitán Alatriste V. El Caballero Del Jubón Amarillo;Pérez-Reverte, Arturo;2003;Ficción histórica, Acción y aventura;David Hab - Stant 3;Círculo de lectores;8467208376, 9788467208375;360;;;;;;;;;
245;Capitán Alatriste VI. Corsarios De Levante;Pérez-Reverte, Arturo;2006;Ficción histórica, Acción y aventura;David Hab - Stant 3;Círculo de lectores;8467224967, 9788467224962;360;;;;;;;;;
246;Capitán Alatriste VII. El puente de los Asesinos.;Pérez-Reverte, Arturo;2011;Ficción histórica, Acción y aventura;David Hab - Stant 3;Punto de lectura;8466326316, 9788466326315;352;;;;;;;;;
247;El caballero Corazón de Melón;Tamaro, Susana;1992;Juvenil;Caja Nº1;Círculo de lectores;8422667851;156;09 años;;;;;;;;
248;Naricitas, tirador de lanza;Grant, John;1982;Juvenil;Caja Nº1;Planeta;843206193x;;09 años;;;;;;;;
249;El misterio del velero fantasma y otros casos;*Varios;1988;Juvenil;Caja Nº1;Círculo de lectores;8422667304;186;10 años;;;;;;;;
250;Cómo desarrollar la creatividad en los niños;Bean, Reynold;1992;Educación, Educación teoría;Raúl Hab - Pc. Stant ;Círculo de lectores;8422650908;92;;;;;;;;;
251;El Hobbit;Tolkien, J.R.R.;1951;Fantasía;Raúl Hab - Pc. Stant ;Minotauro;8445071416;310;;;;;;;;;
252;El pequeño vampiro;Sommer-Bodenburg, Angela;1979;Juvenil;Caja Nº1;Círculo de lectores;8422626667;175;09 años;;;;;;;;
253;Koki;Strasser, Todd;1990;Juvenil;Caja Nº1;Círculo de lectores;8422644851;254;10 años;;;;;;;;
254;Jumanji;Spelvin, George;1995;Juvenil, Cine;David Hab - Puert. Stant.;Círculo de lectores;8422661101;230;09 años;;;;;;;;
255;Ángeles y demonios;Brown, Dan;2000;Policíaca, Ficción contemporánea, Negra y suspense;Comedor - Mid 1;Umbriel;8495618710, 9788495618719;608;;;;;;;;;
256;Aristóleles Onasis (Personales del s.XX);*Varios;2000;Biografías y autobiografías;David Hab - Stant 2;Rueda;8484470261, 9788484470267;200;;;;;;;;;
257;Asesinato en el Orient Express;Christie, Agatha;1933;Detectives, Misterio;Comedor - Mid 1;Planeta Deagostini;8439527004, 9788439527008;218;;;;;;;;;
258;Aventuras del Buen Soldado Svejk;Hasek, Jaroslav;2008;Literatura y ficción, Ficción contemporánea;Comedor - Mid 2;Círculo de lectores;8481097713, 9788481097719;753;;;;;;;;;
259;Barrotes de bambú;Terlouw, Jan;1986;Juvenil;David Hab - Cama 2;Círculo de lectores;9788422685159, 9788422685159;254;14 años;;;;;;;;
260;Becas Flacas;Sharpe, Tom;1995;Ficción contemporanear, Humor;David Hab - Stant 4;Anagrama;8447313492, 9788447313495;284;;;;;;;;;
261;Chulas y famosas;Moix, Terence;1999;Narrativa, Ficción contemporánea, Infantil;David Hab - Stant 4;Planeta;8408033425, 9788408033424;444;;;;;;;;;
262;Conspiración;Brown, Dan;2005;Ficción, Literatura y ficción;Comedor - Mid 1;Círculo de lectores;846721385X, 9788467213850;571;;;;;;;;;
263;Constitución Española;*Varios;1978;Política;David Hab - Stant 5;Senado;;93;Repetido;;;;;;;;
264;Cuentos Completos En Prosa Y Verso;Voltaire;1729;Filosofía;David Hab - Stant 5;Círculo de lectores;8467220791, 9788467220797;928;;;;;;;;;
265;Dos visiones de España;Azaña, Manuel / Ortega y Gasset, José;2005;Historia, Ensayo, Historia del siglo xx y xxi, Filosofía;David Hab - Stant 5;Circulo de lectores;8481095044, 9788481095043;144;;;;;;;;;
266;El anticristo;Nietzsche, Friedrich;1889;Filosofía;David Hab - Stant 5;Alianza;8420615072, 9788420615073;160;;;;;;;;;
267;El Buen Alemán;Kanon, Joseph;2001;Ficción contemporánea;Comedor - Mid 2;Círculo de lectores;8467222492, 9788467222494;540;;;;;;;;;
268;El curioso incidente del perro a medianoche;Haddon, Mark;2003;Ficción contemporánea;Comedor - Mid 2;Salamandra;8478889108, 9788478889105;272;;;;;;;;;
269;El dia que Nietzsche lloro;Yalom, Irvin D.;2000;Filosofía, Ficción;David Hab - Stant 5;Planeta;9875801445, 9789875801448;445;;;;;;;;;
270;El embrujo de Shanghai;Marsé, Juan;1993;Ficción;David Hab - Stant 4;RBA;;0;;;;;;;;;
271;El general en su laberinto;García Márquez, Gabriel;1989;Ficción biográfica;Comedor - Mid 2;RBA;8447301214, 9788447301218;284;;;;;;;;;
272;El jardinero;Tagore, Rabindranath;1981;Categorías;David Hab - Stant 4;Felmar;8437901375;140;;;;;;;;;
273;El mundo de Sofía: Novela sobre la historia de la filosofía;Gaarder, Jostein;1991;Juvenil, Ficción contemporánea, Filosofía;David Hab - Stant 4;Siruela;8478448152, 9788478448159;656;;;;;;;;;
274;El mundo perdido;Crichton, Michael;1995;Ciencia ficción, Cine;Comedor - Mid 1;Círculo de lectores;842265959x;490;;;;;;;;;
275;El Nuevo Dardo En La Palabra;Lázaro Carreter, Fernando;2003;Filosofía, Ensayo;David Hab - Stant 5;Círculo de lectores;846720415X, 9788467204155;256;;;;;;;;;
276;El Origen Perdido;Asensi, Matilde;2003;Ficción, Acción y aventura;Comedor - Mid 1;Círculo de lectores;8467206845, 9788467206845;512;;;;;;;;;
277;El Paciente Inglés ;Ondaatje, Michael;1992;Narrativa, Cine;David Hab - Stant 4;RBA;8447313476, 9788447313471;217;;;;;;;;;
278;El perfume;Süskind, Patrick;2001;Ficción histórica, Ficción contemporánea, Negra y suspense, Policíaca;David Hab - Stant 4;Cículo de lectores;843221745X, 9788432217456;320;;;;;;;;;
279;El síndrome E;Thilliez, Franck;2010;Ficción contemporaneo;David Hab - Stant 4;Destino;;568;;;;;;;;;Süskind
280;El Sueño de Africa. En busca de los mitos blancos del continente negro;Reverte, Javier;1998;Narrativa viajes;David Hab - Stant 4;Círculo de lectores;842266772X, 9788422667728;520;;;;;;;;;
281;El Sueño De Escipión;Pears, Iain;2002;Categorías;David Hab - Stant 4;Círculo de lectores;8467202211, 9788467202212;496;;;;;;;;;
282;El último Judío;Gordon, Noah;1999;Ficción histórica;Comedor - Mid 2;Círculo de lectores;8422681358, 9788422681359;487;;;;;;;;;
283;El viaje del elefante;Saramago, José;2008;Ficción histórica, Ficción contemporánea;David Hab - Stant 4;Alfaguara;8420474630, 9788420474632;280;;;;;;;;;
284;Ensayo sobre la lucidez;Saramago, José;2004;Literatura y ficción;David Hab - Stant 4;Círculo de lectores;9788467210163, 9788467210163;411;;;;;;;;;
285;Exhibición impúdica;Sharpe, Tom;1973;Ficción comtemporanea, Humor;David Hab - Stant 4;Círculo de lectores;8422643170;317;;;;;;;;;
286;Firmin;Savage, Sam;2006;Ficción contemporánea;David Hab - Stant 4;Biblioteca Formentor;8432228249, 9788432228247;224;;;;;;;;;
287;Fraternidad de Eihwaz;Mallorquí, César;1998;Juvenil;David Hab - Cama 2;edebé;9788423647668, 9788423647668;329;14 años;;;;;;;;
288;Grace Kelly (Personales del s.XX);*Varios;2000;Biografías y autobiografías;David Hab - Stant 2;Rueda;8484470180, 9788484470182;200;;;;;;;;;
289;Háblame de ti;Duque, Lola;1998;Narrativa;Comedor - Mid 1;Círculo de lectores;8422677938, 9788422677932;206;;;;;;;;;
290;Las hogueras;Alos, Concha;1964;Novela;Comedor - Mid 1;Planeta;8432021229, 9788432021220;216;;;;;;;;;
291;John Lennon (Personales del s.XX);*Varios;2000;Biografías y autobiografías, Música;David Hab - Stant 2;Rueda;8484470172, 9788484470175;164;;;;;;;;;
292;Juan de Borbón (Personales del s.XX);*Varios;2000;Biografías y autobiografías;David Hab - Stant 2;Rueda;8484470288, 9788484470281;200;;;;;;;;;
293;Juegos de la edad tardía;Landero Duran, Luis;1989;Literatura y ficción, Ficción contemporánea;Comedor - Mid 2;RBA;8483835088, 9788483835081;464;;;;;;;;;
294;La bruja blanca;Ascanio, Julio;1954;Vieja, Zaragoza;Comedor - Mid 1;Edelac;;313;;;;;;;;;
295;La chica que amaba a Tom Gordon;King, Stephen;1999;Misterio;Comedor - Mid 2;Círculo de lectores;9788422686118, 9788422686118;190;;;;;;;;;
296;La Historia De Lisey;King, Stephen;2006;Misterio;Comedor - Mid 2;Círculo de lectores;8467225912, 9788467225914;600;;;;;;;;;
297;La Loca de la casa;Montero, Rosa;2003;Literatura y ficción, Ficción contemporánea;David Hab - Stant 4;Santillana;8466313281, 9788466313285;256;;;;;;;;;
298;La mujer del teniente francés;Fowles, John;1969;Literatura y ficción, Ficción contemporánea;Comedor - Mid 1;Argos Vergara;8471783371;456;;;;;;;;;
299;La Pasion turca;Gala, Antonio;1993;Categorías, Ficción contemporánea;Comedor - Mid 2;Planeta Deagostini;8439575750, 9788439575757;346;;;;;;;;;
300;La Republica o el estado; Platon;-386;Filosofía;David Hab - Stant 5;Austral;842390220X, 9788423902200;304;;;;;;;;;
301;La sombra de lo que fuimos;Sepulveda, Luis;2009;Ficción contemporánea;David Hab - Stant 4;Espasa;846703100X, 9788467031003;176;;;;;;;;;
302;La sombra del viento;Ruiz Zafón , Carlos;2001;Misterio;David Hab - Stant 4;Círculo de lectores;8422696894, 9788422696896;448;;;;;;;;;
303;La torre herida por el rayo ;Arrabal, Fernando;1983;Literatura y ficción;Comedor - Mid 1;Destino;8423312402, 9788423312405;248;;;;;;;;;
304;Las orquideas rojas de Shanghai;Morillot, Juliette;2003;Ficción;David Hab - Stant 4;;8422699915, 9788422699910;0;;;;;;;;;
305;Los diez mandamientos en el siglo XXI;Savater, Fernando;2004;Filosofía;David Hab - Stant 5;Círculo de lectores;8467206705, 9788467206708;187;;;;;;;;;
306;Maleficio;King, Stephen;1984;Miedo;Comedor - Mid 2;Círculo de lectores;8422625539, 9788422625537;294;;;;;;;;;
307;Marcovaldo;Calvino, Italo;1970;Cuentos adultos, Ficción contemporánea;Comedor - Mid 1;Destino;8423310469, 9788423310463;184;;;;;;;;;
308;Marranadas Javier Albiñana;Darrieusseq, Marie;1996;Categorías;Comedor - Mid 1;Círculo de lectores;8422667827, 9788422667827;146;;;;;;;;;
309;Melocotones Helados;Freire, Espido;1999;Narrativa;Comedor - Mid 2;Cículo de lectores;8439587791, 9788439587798;328;;;;;;;;;
310;Momo;Ende, Michael;1973;Juvenil;Raúl Hab - Pc. Stant ;Círculo de lectores;8422610086, 9788422610083;0;;;;;;;;;
311;Muerte en el Nilo (Poirot en Egipto);Christie, Agatha;1937;Detectives, Misterio;Comedor - Mid 1;Planeta Deagostini;8439527020, 9788439527022;231;;;;;;;;;
312;Nietzsche. Biografía de su pensamiento;Safranski, Rüdiger;2000;Filosofía, Bibliografía y autobiografía;David Hab - Stant 5;Círculo de lectores;9788483107287;407;;;;;;;;;
313;Pasajero para Francfort;Christie, Agatha;1970;Detectives, Misterio;Comedor - Mid 1;Molino;;252;;;;;;;;;
314;Perseguida;Fieldin, Joy;1996;Categorías;Comedor - Mid 1;Círculo de lectores;9788422659648, 9788422659648;414;;;;;;;;;
315;Pío Baroja (Personales del s.XX);*Varios;2000;Biografías y autobiografías;David Hab - Stant 2;Rueda;8484470334, 9788484470335;200;;;;;;;;;
316;Poemas de amor;Gala, Antonio;1997;Poesía;Comedor - Mid 2;Planeta Deagostini;8439575769, 9788439575764;350;;;;;;;;;
317;Política Para Amador;Savater, Fernando;1992;Política, Filosofía;David Hab - Stant 5;Ariel;843441225X, 9788434412255;240;;;;;;;;;
318;Rabos de lagartija;Marsé, Juan;2000;Ficción;David Hab - Stant 4;Círculo de lectores;8422683504, 9788422683506;0;;;;;;;;;
319;Rescate en el tiempo;Crichton, Michael;2000;Ciencia ficción, Cine;Comedor - Mid 1;Círculo de lectores;8422683644;598;;;;;;;;;
320;Sagrada Biblia;*Varios pollos;33;Filosofía, Religión;David Hab - Stant 5;Catolica;;1600;;;;;;;;;
321;Sarcasmos Y Agudezas;Voltaire;2004;Filosofía;David Hab - Stant 5;Círculo de lectores;8467202319, 9788467202311;176;;;;;;;;;
322;Seda;Baricco, Alessandro;1996;Amor;Comedor - Mid 1;Círculo de lectores;8422668211, 9788422668213;160;;;;;;;;;
323;Soldados de Salamina;Cercas, Javier;2001;Ficción histórica;Comedor - Mid 1;Círculo de lectores;8422689073, 9788422689072;220;;;;;;;;;
324;Sostiene Pereira;Tabucchi, Antonio;1994;Categorías;David Hab - Stant 4;RBA;8447312003, 9788447312009;175;;;;;;;;;
325;Tensión;Koontz, Den R.;1995;Categorías, Ficción contemporánea;Comedor - Mid 2;Círculo de lectores;9788422664741, 9788422664741;396;;;;;;;;;
326;Un largo silencio;Caso, Ángeles;2000;Categorías, Ficción histórica;Comedor - Mid 1;Círculo de lectores;8422686252;0;;;;;;;;;
327;Se ofrece chico;López Soria, Marisa;2000;Juvenil;David Hab - Cama 2;Círculo de lectores;8422691531;166;12 años;;;;;;;;
328;La barraca;Blasco Ibáñez, Vicente;1898;Clásicos, Narrativa, rural;David Hab - Cama 1;El Pais;8498150299;206;;;;;;;;;
329;Los Pazos de Ulloa;Pardo Bazán, Emilia;1886;Clásicos, Narrativa;David Hab - Cama 1;El País;8498150272;303;;;;;;;;;
330;Los intereses creados;Benavente, Jacinto;1907;Clásicos, Teatro;David Hab - Cama 1;El País;8498150280, 9788498150285;126;;;;;;;;;
331;Marianela;Pérez Galdós, Benito;1878;Clásicos, Libros de texto, Narrativa;David Hab - Cama 1;Vicens Vives;8431652756, 9788431652753;256;;;;;;;;;
332;El perro del hortelano;Lope de Vega;1618;Clásicos, Teatro;David Hab - Cama 1;Catedra;8437614767, 9788437614762;192;;;;;;;;;
333;El Señor de las Moscas;Golding, William;1954;Clásicos, Ficción contemporánea;David Hab - Cama 1;Alianza Editorial;8420634115, 9788420634111;256;;;;;;;;;
334;El libro de arena;Borges, Jorge Luis;1999;Clásicos, Cuentos y relatos;David Hab - Cama 1;Círculo de lectores;8422678012, 9788422678014;169;;;;;;;;;
335;El corazón de las tinieblas;Conrad, Joseph;1899;Clásicos, Acción y aventura;David Hab - Cama 1;El Círculo de lectores;148009613X, 9781480096134;201;;;;;;;;;
336;El perro de Barskerville;Conan Doyle, Arthur;1902;Clásicos, Detectives, Juvenil;David Hab - Cama 1;edebé;8423654729, 9788423654727;224;;;;;;;;;
337;Historia de dos ciudades;Dickens, Charles;1859;Clásicos;David Hab - Cama 1;Susaeta;8430514058;102;;;;;;;;;
338;Tristán e Isolda;Bédier, Joseph;1900;Clásicos, Mitos y leyendas;David Hab - Cama 1;Círculo de lectores;8422620197, 9788422620198;217;;;;;;;;;
339;Los tres mosqueteros y veinte años después ;Dumas, Alejandro;1845;Clásicos, Acción y aventura;David Hab - Cama 1;Edhasa Literaria;8435010163, 9788435010160;1312;;;;;;;;;
340;Los tres mosqueteros;Dumas, Alexandre;1844;Clásicos, Acción y aventura;David Hab - Cama 1;edebé;8423648850, 9788423648856;672;;;;;;;;;
341;Diccionarios;*Varios;2000;Diccionarios;David Hab - Stant 1;*Varios;*;*;;;;;;;;;
342;Enciclopedias;*Varios;2000;Enciclopedias;David Hab - Stant 1;*Varios;*;*;;;;;;;;;
343;Larroesse Diccionario Práctico;*Varios;1995;Diccionarios, Lengua;David Hab - Stant 1;Larousse;9788480160605;*;;;;;;;;;
344;La ley de Murphy;Bloch, Arthur ;1990;Humor;Raúl Hab - Pc. Stant ;Temas de hoy;9788478801589;256;;;;;;;;;
345;Dos cuentos maravillosos;Martín Gaite, Carmen ;1983;Cuentos adultos;Raúl Hab - Camas;Círculo de lectores;8422679817;156;;;;;;;;;
346;Un Naúfrago en la sopa;De Laiglesio, Álvaro;1947;Narrativa, Humor;Comedor - Mid 3;Temas de hoy;8431474002320;0;;;;;;;;;
347;El tonto emocional;Maronna, Jorge, Daniel;2003;Narrativa, Humor;Comedor - Mid 3;Temas de hoy;8431474002269;0;;;;;;;;;
348;Todo por la empresa;Hermida, Jose ;1992;Humor;Comedor - Mid 3;Temas de hoy;8431474002207;206;;;;;;;;;
349;Gran enciclopedia del disparate 3;Rodríguez Plasencia, J.L.;2001;Categorías;Comedor - Mid 3;Temas de hoy;8431474002238;0;;;;;;;;;
350;¿Cómo hacer lo que quieras... y que tus viejos estén contentos?;Pino, Marina;1993;Categorías;Comedor - Mid 3;Temas de hoy;;157;;;;;;;;;
351;Shit yourself little parrot (Cágate Lorito);López Socasau, Federico;2001;Humor, Inglés;Comedor - Mid 3;Temas de hoy;8484600882, 9788484600886;160;;;;;;;;;
352;Con chándal y a lo loco;Iturriaga, Juanma;2003;Humor;Comedor - Mid 3;Temas de hoy;8431474002290;0;;;;;;;;;
353;Cantando bajo la ducha;Maronna, Jorge, Daniel;1994;Humor, Música;Comedor - Mid 3;Temas de hoy;8478804412, 9788478804412;238;;;;;;;;;
354;Como tener la casa como un cerdo;O'Rourke, P.J.;1997;Humor;Comedor - Mid 3;Temas de hoy;8478808906, 9788478808908;164;;;;;;;;;
355;La tournée de Dios: Novela casi divina;Jardiel Poncela, Enrique;1932;Narrativa, Humor;Comedor - Mid 3;Temas de hoy;8493827231, 9788493827236;490;;;;;;;;;
356;Mis memorias;Mihura, Miguel;1957;Humor, Ficción contemporánea;Comedor - Mid 3;Temas de hoy;;0;;;;;;;;;
357;La casa de Lúculo;Camba, Julio;1997;Humor;Comedor - Mid 3;Temas de hoy;8488947232, 9788488947239;201;;;;;;;;;
358;Diario de un niño tonto;Tono;1998;Humor;Comedor - Mid 3;Temas de hoy;;141;;;;;;;;;
359;Don clorato de potasa;Neville, Edgar;2003;Humor;Comedor - Mid 3;Temas de hoy;8431474002214;0;;;;;;;;;
360;Cómo echar a perder un ligue en 10 dias;Alexander, Michele, Jeannie;2003;Humor;Comedor - Mid 3;Temas de hoy;8431474002276;0;;;;;;;;;
361;Manual del ecologista coñazo; Ussía, Alfonso;1992;Humor;Comedor - Mid 3;Temas de hoy;9788478801961;173;;;;;;;;;
362;Para qué sirve un marido;Valls, María Antonia;1992;Humor;Comedor - Mid 3;Temas de hoy;8431474002306;0;;;;;;;;;
363;Un hombre en apuros;Berlanga, Jose;2003;Humor;Comedor - Mid 3;Temas de hoy;8431474002337;0;;;;;;;;;
364;Gran Enciclopedia Del Disparate;Rodriguez Plasencia, J. L.;1991;Humor;Comedor - Mid 3;Temas de hoy;9788478809011;233;;;;;;;;;
365;¿Quién me mandaría meterme en obras?;Gomaespuma;1998;Humor, Ficción contemporánea;Comedor - Mid 3;Temas de hoy;8478809430, 9788478809431;168;;;;;;;;;
366;Typical Spanish;Arangüena, Ramon ;2001;Humor;Comedor - Mid 3;Temas de hoy;8431474002252;0;;;;;;;;;
367;No Sere Feliz, Pero Tengo Marido;Gomez Thorpe, Viviana;2002;Humor, Familia y relaciones;Comedor - Mid 3;Temas de hoy;1490313567, 9781490313566;197;;;;;;;;;
368;Gran enciclopedia del disparate 2;Rodríguez Plasencia, J. L.;1993;Humor, Ficción contemporánea;Comedor - Mid 3;Temas de hoy;8484605582, 9788484605584;240;;;;;;;;;
369;Por un puñado de Goyas;Garasino, Jose Manuel;1999;Humor, Cine, Cómics y manga;Comedor - Mid 3;Temas de hoy;8478808221, 9788478808229;208;;;;;;;;;
370;El Malvado Carabel;Fernandez Florez, Wenceslao;2015;Humor, Narrativa;Comedor - Mid 3;Temas de hoy;1515356159, 9781515356158;212;;;;;;;;;
371;Elogio del error;Aprile, Pino ;2004;Humor;Comedor - Mid 3;Planeta;9788408054511, 9788408054511;287;;;;;;;;;
372;Las anécdotas de la política;Carandell, Luis;1999;Humor;Comedor - Mid 3;Planeta;8408054546, 9788408054542;290;;;;;;;;;
373;Elogio del imbécil;Aprile, Pino ;2002;Humor, Ficción contemporánea;Comedor - Mid 3;Planeta;8484605590, 9788484605591;215;;;;;;;;;
374;Voy a pasar lista por orden cronológico;Serrano, Javier, Miguel;2002;Humor;Comedor - Mid 3;Planeta;9788408054603, 9788408054603;238;;;;;;;;;
375;Yo soy aquel negrito;Summers, Guillermo;2000;Humor;Comedor - Mid 3;Planeta;9788408054504, 9788408054504;126;;;;;;;;;
376;Mujeres ligeramente alteradas;San Juan, Antonia, Félix;2004;Humor;Comedor - Mid 3;Planeta;9788408054559, 9788408054559;0;;;;;;;;;
377;Cien años de Soledad;Garcia Marquez, Gabriel;1961;Narrativa;Comedor - Mid 5;RBA;8447306194, 9788447306190;315;;;;;;;;;
378;El viejo y el mar;Hemingway, Ernest;1952;Narrativa;Comedor - Mid 5;RBA;8447306208, 9788447306206;154;;;;;;;;;
379;Cuentos de Eva Luna;Allende, Isabel;1989;Cuentos adultos, Cuentos, Ficción contemporánea;Comedor - Mid 5;RBA;84473060216, 9788401017797;223;;;;;;;;;
380;Lituna en los Andes;Vargas Llosa, Mario;1993;Narrativa;Comedor - Mid 5;RBA;9788447306091;0;;;;;;;;;
381;La edad de la inocencia;Wharton, Edith;1920;Narrativa, Ficción clásica, Clásicos;Comedor - Mid 5;RBA;9788832950052;221;;;;;;;;;
382;El doctor Zhivago;Pasternak, Borís ;1957;Narrativa, Romántica, Teatro;Comedor - Mid 5;RBA;9781370618132;544;;;;;;;;;
383;El libro de los amores ridículos;Kundera, Milan;1969;Narrativa, Cuentos adultos, Ficción contemporánea;Comedor - Mid 5;RBA;8483835193, 9788483835197;320;;;;;;;;;
384;La Hojarasca;García Márquez, Gabriel;1955;Narrativa;Comedor - Mid 5;Bibliotex;8481300004, 9788481300000;95;;;;;;;;;
385;El tercer hombre;Greene, Graham;1950;Narrativa;Comedor - Mid 5;Bibliotex;8481300012, 9788481300017;94;;;;;;;;;
386;Cafe de artistas y otros papeles volanderos;Cela, Camilo Jose;1953;Cuentos y leyendas;Comedor - Mid 5;Bibliotex;8481300047, 9788481300048;96;;;;;;;;;
387;Los propios dioses;Asimov, Isaac;1972;Ciencia ficción;Comedor - Mid 5;Bibliotex;8481300039, 9788481300031;96;;;;;;;;;
388;Los jefes;Vargas Llosa, Mario;1959;Narrativa;Comedor - Mid 5;Bibliotex;8481300020, 9788481300024;96;;;;;;;;;
389;Coartada perfecta, la;Highsmith, Patricia;1957;Narrativa;Comedor - Mid 5;Bibliotex;8481300055, 9788481300055;95;;;;;;;;;
390;La partida;Delibes, Miguel;1954;Narrativa;Comedor - Mid 5;Bibliotex;8481300063, 9788481300062;92;;;;;;;;;
391;En el balneario; Hesse, Hermann;1953;Narrativa;Comedor - Mid 5;Bibliotex;8481300071, 9788481300079;96;;;;;;;;;
392;Arcadia todas las noches;Cabrera Infante, Guillermo;1978;Narrativa;Comedor - Mid 5;Bibliotex;848130008X, 9788481300086;96;;;;;;;;;
393;Cuadernos de un vate vago, los;Torrente Ballester, Gonzalo;1982;Narrativa;Comedor - Mid 5;Bibliotex;8481300152, 9788481300154;96;;;;;;;;;
394;La perla;Steinbeck, John;1945;Narrativa;Comedor - Mid 5;Bibliotex;8481300098, 9788481300093;94;;;;;;;;;
395;Leyendas de Guatemala;Asturias, Miguel Angel;1930;Cuentos adultos;Comedor - Mid 5;Bibliotex;8481300101, 9788481300109;95;;;;;;;;;
396;Armas secretas y otros relatos, las;Cortazar, Julio;1959;Cuentos y relatos;Comedor - Mid 5;Bibliotex;8481300128, 9788481300123;93;;;;;;;;;
397;Agostino;Moravia, Alberto;1945;Romántica, Narrativa;Comedor - Mid 5;Bibliotex;8481300136, 9788481300130;96;;;;;;;;;
398;El espejo en el espejo;Ende, Michael;1984;Narrativa;Comedor - Mid 5;Bibliotex;8481300160, 9788481300161;95;;;;;;;;;
399;En la madrugada y otros relatos;Rulfo, Juan;1953;Cuentos y relatos;Comedor - Mid 5;Bibliotex;8481300144, 9788481300147;96;;;;;;;;;
400;Fuera del torbellino;Sillitoe, Allan;1987;Narrativa;Comedor - Mid 5;Bibliotex;8481300241, 9788481300246;95;;;;;;;;;
401;El césped y otros relatos;Benedetti, Mario;1993;Cuentos y relatos;Comedor - Mid 5;Bibliotex;8481300195, 9788481300192;94;;;;;;;;;
402;Los compañeros de Livingstone;Gordimer, Nadine ;1972;Narrativa;Comedor - Mid 5;Bibliotex;8481300179, 9788481300178;96;;;;;;;;;
403;El jardín de los senderos que se bifurcan;Borges, Jorge Luis ;1993;Narrativa;Comedor - Mid 5;Bibliotex;8481300187, 9788481300185;96;;;;;;;;;
404;Ataudes de artesanía;Capote, Truman ;1980;Narrativa;Comedor - Mid 5;Bibliotex;8481300233, 9788481300239;96;;;;;;;;;
405;Asesinato en Prado del rey y otras historias;Vazquez Montalban, Manuel;1987;Narrativa;Comedor - Mid 5;Bibliotex;8481300225, 9788481300222;96;;;;;;;;;
406;Misterios de colores, los;Marse, Juan;1970;Narrativa;Comedor - Mid 5;Bibliotex;8481300209, 9788481300208;95;;;;;;;;;
407;Pan de los años mozos, el;Böll, Heinrich;1955;Narrativa;Comedor - Mid 5;Bibliotex;8481300217, 9788481300215;96;;;;;;;;;
408;Escuela de Robinsones (Vol.8);Jules Verne;1998;Acción y aventura, Romántica, Juvenil;Raúl Hab - Vent.;Rueda;8484470075, 9788484470076;167;10 años;;;;;;;;
409;20.000 leguas de viaje submarino I: Vol.(18);Verne, Julio;1999;Acción y aventura, Juvenil;Raúl Hab - Vent.;Rueda;8495060221, 9788495060228;200;10 años;;;;;;;;
410;Viaje al centro de la Tierra: Vol.(7);Verne, Julio;1999;Acción y aventura, Juvenil;Raúl Hab - Vent.;Rueda;8484470067, 9788484470069;200;10 años;;;;;;;;
411;La vuelta al mundo en 80 días: Vol.(14);Verne, Julio;1999;Acción y aventura, Juvenil;Raúl Hab - Vent.;Rueda;8495060183, 9788495060181;200;10 años;;;;;;;;
412;Un capitán de quince años II: Vol.(16);Verne, Julio;1999;Acción y aventura, Juvenil;Raúl Hab - Vent.;Rueda;8495060205, 9788495060204;200;10 años;;;;;;;;
413;Miguel Strogoff II: Vol.(6);Verne, Julio;1999;Acción y aventura, Juvenil;Raúl Hab - Vent.;Rueda;8484470059, 9788484470052;200;10 años;;;;;;;;
414;Miguel Strogoff I: Vol.(5);Verne, Julio;1999;Acción y aventura, Juvenil;Raúl Hab - Vent.;Rueda;8484470040, 9788484470045;200;10 años;;;;;;;;
415;Un capitán de quince años I: Vol.(15);Verne, Julio;1999;Acción y aventura, Juvenil;Raúl Hab - Vent.;Rueda;8495060191, 9788495060198;200;10 años;;;;;;;;
416;Los quinientos millones de Begún: Vol.(2);Verne, Julio;1999;Acción y aventura, Juvenil;Raúl Hab - Vent.;Rueda;8484470016, 9788484470014;200;10 años;;;;;;;;
417;Cinco semanas en globo: Vol.(9);Verne, Julio;1999;Acción y aventura, Juvenil;Raúl Hab - Vent.;Rueda;8484470083, 9788484470083;200;10 años;;;;;;;;
418;Alrededor de la Luna: Vol.(1);Verne, Julio;1999;Acción y aventura, Juvenil;Raúl Hab - Vent.;Rueda;8484470008, 9788484470007;200;10 años;;;;;;;;
419;Robur el Conquistador: Vol.(3);Verne, Julio;1999;Acción y aventura, Juvenil;Raúl Hab - Vent.;Rueda;8484470024, 9788484470021;200;10 años;;;;;;;;
420;La estrella del sur: Vol.(13);Verne, Julio;1999;Acción y aventura, Juvenil;Raúl Hab - Vent.;Rueda;8495060175, 9788495060174;200;10 años;;;;;;;;
421;20.000 leguas de viaje submarino II: Vol.(19);Verne, Julio;1999;Acción y aventura, Juvenil;Raúl Hab - Vent.;Rueda;849506023X, 9788495060235;200;10 años;;;;;;;;
422;El Chancellor: Vol.(4);Verne, Julio;1999;Acción y aventura, Juvenil;Raúl Hab - Vent.;Rueda;8484470032, 9788484470038;200;10 años;;;;;;;;
423;Los hijos del capitán Grant en América del Sur: Vol.(20);Verne, Julio;1999;Acción y aventura, Juvenil;Raúl Hab - Vent.;Rueda;8495060248, 9788495060242;200;10 años;;;;;;;;
424;Las tribulaciones de un chino en China: Vol.(17);Verne, Julio;1999;Acción y aventura, Juvenil;Raúl Hab - Vent.;Rueda;8495060213, 9788495060211;200;10 años;;;;;;;;
425;Los tigres de Malasia;Salgari, Emilio;2003;Acción y aventura, Juvenil;Raúl Hab - Vent.;Rueda;8484471934, 9788484471936;200;10 años;;;;;;;;
426;Sandokan;Salgari, Emilio;2003;Acción y aventura, Juvenil;Raúl Hab - Vent.;Rueda;8484471942, 9788484471943;240;10 años;;;;;;;;
427;La perla del rio rojo;Salgari, Emilio;2003;Acción y aventura, Juvenil;Raúl Hab - Vent.;Rueda;8484471977, 9788484471974;200;10 años;;;;;;;;
428;Lobezno: El viejo Logan;"Mark Millar; Steve McNiven";2009;Cómics;Raúl Hab - Pc. Stant ;Panini Comics;9788490249824, 9788490243824;191;12 años;;;;;;;;
429;La subasta del lote 49;Thomas Pynchon;1965;Ficción literaria. Posmoderna;Raúl Hab - Pc. Stant ;TusQuets editores;9788472238299;184;18 años;;;;;;;;
430;Carbono modificado;Richard Morgan;2002;Ciencia Ficción;Raúl Hab - Pc. Stant ;Gigamesh;9788416035564;184;18 años;;;;;;;;
431;Multiple Intelligences;Mindy Kornhaber;2004;Educación;Raúl Hab - Camas;Pearson;205342590;218;18 años;;;;;;;;
432;La historia del Heavy Metal;Andrew O,Neil;2017;Musica;Raúl Hab - Pc. Stant ;Blackie Books;9788417059538;343;12 años;;;;;;;;
433;V de Vendetta - Vol.1;Alan Moore, David Lloyd;1989;Cómics;Raúl Hab - Pc. Stant ;Vertigo;9788417509873;?;16 años;;;;;;;;
434;V de Vendetta - Vol.2;Alan Moore, David Lloyd;1989;Cómics;Raúl Hab - Pc. Stant ;Vertigo;;;16 años;;;;;;;;
435;Nacido de Hombre y Mujer y otros realatos espeluznantes;Richard Matheson;1989;Terror;Raúl Hab - Pc. Stant ;Gigamesh;9788416035045;590;14 años;;;;;;;;
436;1984;Orwell,George;1947;Ciencia Ficción;Raúl Hab - Pc. Stant ;Debolsillo;9788490328248;421;14 años;Edición escolar. Con preguntas al final.;;;;;;;
437;La felicidad, cariño, es para malgastarla.;Carrasco, Josema;2019;Poesía;Raúl Hab - Pc. Stant ;Olifante;9788412058451;91;16 años;Amigo Mitxi Josema.;;;;;;;
438;Odín y los nueve mundos;Marcos Jaén;2019;Mitología;Raúl Hab - Pc. Stant ;Gredos;9788413290102;116;10 años;"Parte de colección ""Mitos nórdicos""";;;;;;;
439;Thor y el poder de Mjölnir;Sergio, A Sierra;2019;Mitología;Raúl Hab - Pc. Stant ;Gredos;9788413290102;115;10 años;"Parte de colección ""Mitos nórdicos""";;;;;;;
440;Kissing in Manhattan;David Schickler;2002;Inglés;Raúl Hab - Pc. Stant ;Delta;385335679;274;14 años;Regalado por Helena maestrillla.;;;;;;;
441;El Hombre Ilustrado;Ray Bradbury;1951;Cuentos y relatos, Ciencia Ficción;Raúl Hab - Pc. Stant ;booket;9789445077580;284;14 años;Regalo Jordi. Colleción cuentos ciencia ficción.;;;;;;;
442;Educar de Cine;Javier Lafuente González;2019;Cine, Ensayo;Raúl Hab - Pc. Stant ;Doce Robles;9788412028225;475;14 años;Peliculas con profesores. ;;;;;;;
443;Los Años Extraordinarios;Rodrigo Cortés;2021;Humor;Raúl Hab - Pc. Stant ;Literatura Random House;9788439738848;353;14 años;Fantasoiso, absurdo, humoristico.;;;;;;;
444;Algo supuestamente divertido que nunca volveré a hacer.;David Foster Wallace;1997;Ficción literaria. Posmoderna;Raúl Hab - Pc. Stant ;Debolsillo;9788499083568;153;14 años;Lo absurdo de un crucero de lujo.;;;;;;;
445;Entrevistas breves con hombres repulsivos;David Foster Wallace;1999;Ficción literaria. Posmoderna;Raúl Hab - Pc. Stant ;Debolsillo;9788484509530;403;14 años;;05/04/2022;;;;;;44656
446;Diseño Gráfico: fundamentos y prácticas;David Dabner, Sandra Stewart, Abbie Vickress;2021;Diseño gráfico;Raúl Hab - Pc. Stant ;Blume;9788418459689;205;15 años;Investigación, Composición, Tipografía, Color, Herramientas, Impresa, diseño Web;06/04/2022;;;;;;44657
447;Pellizcame;Ellen Duthie, Daniela Martagón;2018;Juego, Filosofía;Raúl Hab - Pc. Stant ;Wonder Ponder;9788494346791;20;3 años;Ilustraciones con preguntas para filosofar.;2021;;;;;;2021
448;Mythos;Stephen Fry;2019;Mitología;Raúl Hab – Camas;Anagrama;9788433964427;441;;Mitologia narrada con literatura;30/06/2022;;;;;;44742
449;Harry Potter 3 y El Prisionero de Azkaban;Rowling, J.K.;1999;Juvenil, Fantasía y magia;Raúl Hab - Pc. Stant;Salamandra;9788478885190;353;11 años;Edicion de 2022 no es la original aunque si la portada;30/01/2022;;;;;;44591
450;Verbolario;Rodrigo Cortés;2022;Diccionario Sátirico;Raúl Hab - Pc. Stant;Random House;9788439740742;213;18 años;Definiciones de palabras vistas de otra manera.;26/12/2022;;;;;;44921
451;Heroes;Stephen Fry;2018;Mitología;Raúl Hab - Pc. Stant;Anagrama ;9788433964748;494;13 años;Historias de los Heroes griegos, contadas de manera entretenida. ;24/12/2022;;;;;;44919
452;Las aventuras de Ulises;Rosemary Sutcliff;1995;Mitología;Raúl Hab - Pc. Stant;Vicens Vives;9788431644710;170;11 años;Ilustrado por Alan Lee. La Odisea contada e ilustrada. Regalado por Jordi;14/01/2023;;;;;;44940
453;La historia Interminabe;Ende, Michael;1979;Fantasía;Raúl Hab - Pc. Stant;Circulo de lectores;8422614685;400;10 años;Comprada 2 mano Cinegia Libreria. ;10/12/2022;;;;;;44905
454;Los Secretos de la Felicidad;Serrano, Sebastian;;Autoayuda?;Raúl Hab - Pc. Stant;Circulo de lectores;9788467229608;136;20 años;Regalado por Coro. Liberar un libro costumbre. ;06/01/2023;;;;;;44932
455;El misterio de la cripta embrujada;Mendoza, Eduardo;1979;Humor;Raúl Hab - Pc. Stant;Seix Barral;8432230073;188;18años;Jordi recomendacion. Autor sin noticias de Gurb;09/02/2023;;;;;;44966
456;Gotham a luz de gas;Brian augustyn, Mike Mignola;1989;Cómics;Raúl Hab - Pc. Stant;Salvat;978844715882//97884716109;117;11 años;Regalo Jordi. Colleccion Universos DC;09/02/2023;;;;;;44966
457;Paradise Alley;Sylvester  Stallone;1978;Narrativa;Raúl Hab - Pc. Stant;Circulo de lectores;84-226-1021-3;186;15 años;Bizarrada. Stallone escritor. Parece precuela rocky;20/03/23;;;;;;
458;Harry Potter 1 y la Piedra Filosofal;Rowling, J.K.;1997;Juvenil, Fantasía y magia;Raúl Hab - Pc. Stant;Salamandra;8478884459;254;11 años;Edicion de 2022 no es la original aunque si la portada;28/03/23;;;;;;45013
459;Harry Potter  y la Camara Secreta;Rowling, J.K.;1998;Juvenil, Fantasía y magia;Raúl Hab - Pc. Stant;Salamandra;84788844955;286;11 años;Edicion de 2022 no es la original aunque si la portada;28/03/23;;;;;;44591
460;Power Rangers y Las tortugas  ninjas;Ryan Parrot, Simone Di Meo,  Walter Baiamonte;2022;Cómics;Raúl Hab - Pc. Stant;Moztros;97884788955396;-;7 años;Calentada nostalgica. Tremendo crossover. Por la bizarrada. Me arrepentiré. ;28/03/23;;;;;;45013
461;Sargento Resines;Salva Espin, David G. Galindo;2023;Cómics;Raúl Hab - Pc. Stant;Salva  Espin  Comics;978-8409454853;-;14 años;Por los loles bizarrada. Comic de Resines. ;28/03/23;;;;;;45013
462;Puta Loca;Cristinica Gómez;2022;Narrativa, Psicología;Raúl Hab - Pc. Stant;Imperium;978-84-125318--8;641;14 años;Charla instituto, trastornos mentale. Siguiendo en Insta;02/04/2023;;;;;;45018

